"recipe_id","title","category","release_order","hero_id","hero_status","responsive_ratios","finished_overhead_id","ingredient_layout_id","critical_step_ids","grill_action_id","serving_table_id","long_video_id","long_video_shot_list","short_video_id","short_video_shot_list","poster_frame_ids","alt_text_draft","caption_draft","transcript_required","provenance","rights_status","qa_status"
"M01","Classic Korean Pear Beef Bulgogi","grilled-meat","1","M01-hero","placeholder","16:9;4:3;1:1","M01-finished-overhead","M01-ingredient-layout","M01-critical-step-1;M01-critical-step-2;M01-critical-step-3;M01-critical-step-4","M01-grill-action","M01-serving-table","M01-video-16x9","M01-hero | M01-ingredient-layout | M01-critical-step-1 | M01-critical-step-2 | M01-critical-step-3 | M01-critical-step-4 | M01-grill-action | M01-serving-table","M01-video-9x16","M01-hero | M01-critical-step-1 | M01-critical-step-3 | M01-serving-table","M01-poster-16x9;M01-poster-9x16","Finished Classic Korean Pear Beef Bulgogi presented with visibly safe doneness and service cues.","Classic Korean Pear Beef Bulgogi, final styling and cultural context pending asset review.","yes","original-or-separately-licensed-pending","pending","not-started"
"M02","Mushroom-Soy Beef Bulgogi","grilled-meat","2","M02-hero","placeholder","16:9;4:3;1:1","M02-finished-overhead","M02-ingredient-layout","M02-critical-step-1;M02-critical-step-2;M02-critical-step-3;M02-critical-step-4","M02-grill-action","M02-serving-table","M02-video-16x9","M02-hero | M02-ingredient-layout | M02-critical-step-1 | M02-critical-step-2 | M02-critical-step-3 | M02-critical-step-4 | M02-grill-action | M02-serving-table","M02-video-9x16","M02-hero | M02-critical-step-1 | M02-critical-step-3 | M02-serving-table","M02-poster-16x9;M02-poster-9x16","Finished Mushroom-Soy Beef Bulgogi presented with visibly safe doneness and service cues.","Mushroom-Soy Beef Bulgogi, final styling and cultural context pending asset review.","yes","original-or-separately-licensed-pending","pending","not-started"
"M03","LA-Style Galbi","grilled-meat","3","M03-hero","placeholder","16:9;4:3;1:1","M03-finished-overhead","M03-ingredient-layout","M03-critical-step-1;M03-critical-step-2;M03-critical-step-3;M03-critical-step-4","M03-grill-action","M03-serving-table","M03-video-16x9","M03-hero | M03-ingredient-layout | M03-critical-step-1 | M03-critical-step-2 | M03-critical-step-3 | M03-critical-step-4 | M03-grill-action | M03-serving-table","M03-video-9x16","M03-hero | M03-critical-step-1 | M03-critical-step-3 | M03-serving-table","M03-poster-16x9;M03-poster-9x16","Finished LA-Style Galbi presented with visibly safe doneness and service cues.","LA-Style Galbi, final styling and cultural context pending asset review.","yes","original-or-separately-licensed-pending","pending","not-started"
"M04","Spicy Gochujang Galbi","grilled-meat","4","M04-hero","placeholder","16:9;4:3;1:1","M04-finished-overhead","M04-ingredient-layout","M04-critical-step-1;M04-critical-step-2;M04-critical-step-3;M04-critical-step-4","M04-grill-action","M04-serving-table","M04-video-16x9","M04-hero | M04-ingredient-layout | M04-critical-step-1 | M04-critical-step-2 | M04-critical-step-3 | M04-critical-step-4 | M04-grill-action | M04-serving-table","M04-video-9x16","M04-hero | M04-critical-step-1 | M04-critical-step-3 | M04-serving-table","M04-poster-16x9;M04-poster-9x16","Finished Spicy Gochujang Galbi presented with visibly safe doneness and service cues.","Spicy Gochujang Galbi, final styling and cultural context pending asset review.","yes","original-or-separately-licensed-pending","pending","not-started"
"M05","Garlic-Sesame Galbisal","grilled-meat","5","M05-hero","placeholder","16:9;4:3;1:1","M05-finished-overhead","M05-ingredient-layout","M05-critical-step-1;M05-critical-step-2;M05-critical-step-3;M05-critical-step-4","M05-grill-action","M05-serving-table","M05-video-16x9","M05-hero | M05-ingredient-layout | M05-critical-step-1 | M05-critical-step-2 | M05-critical-step-3 | M05-critical-step-4 | M05-grill-action | M05-serving-table","M05-video-9x16","M05-hero | M05-critical-step-1 | M05-critical-step-3 | M05-serving-table","M05-poster-16x9;M05-poster-9x16","Finished Garlic-Sesame Galbisal presented with visibly safe doneness and service cues.","Garlic-Sesame Galbisal, final styling and cultural context pending asset review.","yes","original-or-separately-licensed-pending","pending","not-started"
"M06","Jumulleok Sesame-Garlic Steak Bites","grilled-meat","6","M06-hero","placeholder","16:9;4:3;1:1","M06-finished-overhead","M06-ingredient-layout","M06-critical-step-1;M06-critical-step-2;M06-critical-step-3;M06-critical-step-4","M06-grill-action","M06-serving-table","M06-video-16x9","M06-hero | M06-ingredient-layout | M06-critical-step-1 | M06-critical-step-2 | M06-critical-step-3 | M06-critical-step-4 | M06-grill-action | M06-serving-table","M06-video-9x16","M06-hero | M06-critical-step-1 | M06-critical-step-3 | M06-serving-table","M06-poster-16x9;M06-poster-9x16","Finished Jumulleok Sesame-Garlic Steak Bites presented with visibly safe doneness and service cues.","Jumulleok Sesame-Garlic Steak Bites, final styling and cultural context pending asset review.","yes","original-or-separately-licensed-pending","pending","not-started"
"M07","Chadolbaegi with Scallion-Soy Dipping Sauce","grilled-meat","7","M07-hero","placeholder","16:9;4:3;1:1","M07-finished-overhead","M07-ingredient-layout","M07-critical-step-1;M07-critical-step-2;M07-critical-step-3;M07-critical-step-4","M07-grill-action","M07-serving-table","M07-video-16x9","M07-hero | M07-ingredient-layout | M07-critical-step-1 | M07-critical-step-2 | M07-critical-step-3 | M07-critical-step-4 | M07-grill-action | M07-serving-table","M07-video-9x16","M07-hero | M07-critical-step-1 | M07-critical-step-3 | M07-serving-table","M07-poster-16x9;M07-poster-9x16","Finished Chadolbaegi with Scallion-Soy Dipping Sauce presented with visibly safe doneness and service cues.","Chadolbaegi with Scallion-Soy Dipping Sauce, final styling and cultural context pending asset review.","yes","original-or-separately-licensed-pending","pending","not-started"
"SF01","Gochujang Grilled Shrimp","seafood","8","SF01-hero","placeholder","16:9;4:3;1:1","SF01-finished-overhead","SF01-ingredient-layout","SF01-critical-step-1;SF01-critical-step-2;SF01-critical-step-3;SF01-critical-step-4","SF01-grill-action","SF01-serving-table","SF01-video-16x9","SF01-hero | SF01-ingredient-layout | SF01-critical-step-1 | SF01-critical-step-2 | SF01-critical-step-3 | SF01-critical-step-4 | SF01-grill-action | SF01-serving-table","SF01-video-9x16","SF01-hero | SF01-critical-step-1 | SF01-critical-step-3 | SF01-serving-table","SF01-poster-16x9;SF01-poster-9x16","Finished Gochujang Grilled Shrimp presented with visibly safe doneness and service cues.","Gochujang Grilled Shrimp, final styling and cultural context pending asset review.","yes","original-or-separately-licensed-pending","pending","not-started"
"SF02","Soy-Garlic Grilled Shrimp","seafood","9","SF02-hero","placeholder","16:9;4:3;1:1","SF02-finished-overhead","SF02-ingredient-layout","SF02-critical-step-1;SF02-critical-step-2;SF02-critical-step-3;SF02-critical-step-4","SF02-grill-action","SF02-serving-table","SF02-video-16x9","SF02-hero | SF02-ingredient-layout | SF02-critical-step-1 | SF02-critical-step-2 | SF02-critical-step-3 | SF02-critical-step-4 | SF02-grill-action | SF02-serving-table","SF02-video-9x16","SF02-hero | SF02-critical-step-1 | SF02-critical-step-3 | SF02-serving-table","SF02-poster-16x9;SF02-poster-9x16","Finished Soy-Garlic Grilled Shrimp presented with visibly safe doneness and service cues.","Soy-Garlic Grilled Shrimp, final styling and cultural context pending asset review.","yes","original-or-separately-licensed-pending","pending","not-started"
"SF03","Doenjang-Butter Grilled Scallops","seafood","10","SF03-hero","placeholder","16:9;4:3;1:1","SF03-finished-overhead","SF03-ingredient-layout","SF03-critical-step-1;SF03-critical-step-2;SF03-critical-step-3;SF03-critical-step-4","SF03-grill-action","SF03-serving-table","SF03-video-16x9","SF03-hero | SF03-ingredient-layout | SF03-critical-step-1 | SF03-critical-step-2 | SF03-critical-step-3 | SF03-critical-step-4 | SF03-grill-action | SF03-serving-table","SF03-video-9x16","SF03-hero | SF03-critical-step-1 | SF03-critical-step-3 | SF03-serving-table","SF03-poster-16x9;SF03-poster-9x16","Finished Doenjang-Butter Grilled Scallops presented with visibly safe doneness and service cues.","Doenjang-Butter Grilled Scallops, final styling and cultural context pending asset review.","yes","original-or-separately-licensed-pending","pending","not-started"
"SF04","Ojingeo Gui Spicy Grilled Squid","seafood","11","SF04-hero","placeholder","16:9;4:3;1:1","SF04-finished-overhead","SF04-ingredient-layout","SF04-critical-step-1;SF04-critical-step-2;SF04-critical-step-3;SF04-critical-step-4","SF04-grill-action","SF04-serving-table","SF04-video-16x9","SF04-hero | SF04-ingredient-layout | SF04-critical-step-1 | SF04-critical-step-2 | SF04-critical-step-3 | SF04-critical-step-4 | SF04-grill-action | SF04-serving-table","SF04-video-9x16","SF04-hero | SF04-critical-step-1 | SF04-critical-step-3 | SF04-serving-table","SF04-poster-16x9;SF04-poster-9x16","Finished Ojingeo Gui Spicy Grilled Squid presented with visibly safe doneness and service cues.","Ojingeo Gui Spicy Grilled Squid, final styling and cultural context pending asset review.","yes","original-or-separately-licensed-pending","pending","not-started"
"B01","Baechu Kimchi","banchan","12","B01-hero","placeholder","16:9;4:3;1:1","B01-finished-overhead","B01-ingredient-layout","B01-critical-step-1;B01-critical-step-2;B01-critical-step-3;B01-critical-step-4","B01-grill-action","B01-serving-table","B01-video-16x9","B01-hero | B01-ingredient-layout | B01-critical-step-1 | B01-critical-step-2 | B01-critical-step-3 | B01-critical-step-4 | B01-grill-action | B01-serving-table","B01-video-9x16","B01-hero | B01-critical-step-1 | B01-critical-step-3 | B01-serving-table","B01-poster-16x9;B01-poster-9x16","Finished Baechu Kimchi presented with visibly safe doneness and service cues.","Baechu Kimchi, final styling and cultural context pending asset review.","yes","original-or-separately-licensed-pending","pending","not-started"
"B02","Kkakdugi Radish Kimchi","banchan","13","B02-hero","placeholder","16:9;4:3;1:1","B02-finished-overhead","B02-ingredient-layout","B02-critical-step-1;B02-critical-step-2;B02-critical-step-3;B02-critical-step-4","B02-grill-action","B02-serving-table","B02-video-16x9","B02-hero | B02-ingredient-layout | B02-critical-step-1 | B02-critical-step-2 | B02-critical-step-3 | B02-critical-step-4 | B02-grill-action | B02-serving-table","B02-video-9x16","B02-hero | B02-critical-step-1 | B02-critical-step-3 | B02-serving-table","B02-poster-16x9;B02-poster-9x16","Finished Kkakdugi Radish Kimchi presented with visibly safe doneness and service cues.","Kkakdugi Radish Kimchi, final styling and cultural context pending asset review.","yes","original-or-separately-licensed-pending","pending","not-started"
"B03","Oi Sobagi Cucumber Kimchi","banchan","14","B03-hero","placeholder","16:9;4:3;1:1","B03-finished-overhead","B03-ingredient-layout","B03-critical-step-1;B03-critical-step-2;B03-critical-step-3;B03-critical-step-4","B03-grill-action","B03-serving-table","B03-video-16x9","B03-hero | B03-ingredient-layout | B03-critical-step-1 | B03-critical-step-2 | B03-critical-step-3 | B03-critical-step-4 | B03-grill-action | B03-serving-table","B03-video-9x16","B03-hero | B03-critical-step-1 | B03-critical-step-3 | B03-serving-table","B03-poster-16x9;B03-poster-9x16","Finished Oi Sobagi Cucumber Kimchi presented with visibly safe doneness and service cues.","Oi Sobagi Cucumber Kimchi, final styling and cultural context pending asset review.","yes","original-or-separately-licensed-pending","pending","not-started"
"B04","Baechu Geotjeori Fresh Kimchi","banchan","15","B04-hero","placeholder","16:9;4:3;1:1","B04-finished-overhead","B04-ingredient-layout","B04-critical-step-1;B04-critical-step-2;B04-critical-step-3;B04-critical-step-4","B04-grill-action","B04-serving-table","B04-video-16x9","B04-hero | B04-ingredient-layout | B04-critical-step-1 | B04-critical-step-2 | B04-critical-step-3 | B04-critical-step-4 | B04-grill-action | B04-serving-table","B04-video-9x16","B04-hero | B04-critical-step-1 | B04-critical-step-3 | B04-serving-table","B04-poster-16x9;B04-poster-9x16","Finished Baechu Geotjeori Fresh Kimchi presented with visibly safe doneness and service cues.","Baechu Geotjeori Fresh Kimchi, final styling and cultural context pending asset review.","yes","original-or-separately-licensed-pending","pending","not-started"
"B05","Kongnamul Muchim Seasoned Soybean Sprouts","banchan","16","B05-hero","placeholder","16:9;4:3;1:1","B05-finished-overhead","B05-ingredient-layout","B05-critical-step-1;B05-critical-step-2;B05-critical-step-3;B05-critical-step-4","B05-grill-action","B05-serving-table","B05-video-16x9","B05-hero | B05-ingredient-layout | B05-critical-step-1 | B05-critical-step-2 | B05-critical-step-3 | B05-critical-step-4 | B05-grill-action | B05-serving-table","B05-video-9x16","B05-hero | B05-critical-step-1 | B05-critical-step-3 | B05-serving-table","B05-poster-16x9;B05-poster-9x16","Finished Kongnamul Muchim Seasoned Soybean Sprouts presented with visibly safe doneness and service cues.","Kongnamul Muchim Seasoned Soybean Sprouts, final styling and cultural context pending asset review.","yes","original-or-separately-licensed-pending","pending","not-started"
"B06","Sigeumchi Namul Seasoned Spinach","banchan","17","B06-hero","placeholder","16:9;4:3;1:1","B06-finished-overhead","B06-ingredient-layout","B06-critical-step-1;B06-critical-step-2;B06-critical-step-3;B06-critical-step-4","B06-grill-action","B06-serving-table","B06-video-16x9","B06-hero | B06-ingredient-layout | B06-critical-step-1 | B06-critical-step-2 | B06-critical-step-3 | B06-critical-step-4 | B06-grill-action | B06-serving-table","B06-video-9x16","B06-hero | B06-critical-step-1 | B06-critical-step-3 | B06-serving-table","B06-poster-16x9;B06-poster-9x16","Finished Sigeumchi Namul Seasoned Spinach presented with visibly safe doneness and service cues.","Sigeumchi Namul Seasoned Spinach, final styling and cultural context pending asset review.","yes","original-or-separately-licensed-pending","pending","not-started"
"B07","Oi Muchim Spicy Cucumber Banchan","banchan","18","B07-hero","placeholder","16:9;4:3;1:1","B07-finished-overhead","B07-ingredient-layout","B07-critical-step-1;B07-critical-step-2;B07-critical-step-3;B07-critical-step-4","B07-grill-action","B07-serving-table","B07-video-16x9","B07-hero | B07-ingredient-layout | B07-critical-step-1 | B07-critical-step-2 | B07-critical-step-3 | B07-critical-step-4 | B07-grill-action | B07-serving-table","B07-video-9x16","B07-hero | B07-critical-step-1 | B07-critical-step-3 | B07-serving-table","B07-poster-16x9;B07-poster-9x16","Finished Oi Muchim Spicy Cucumber Banchan presented with visibly safe doneness and service cues.","Oi Muchim Spicy Cucumber Banchan, final styling and cultural context pending asset review.","yes","original-or-separately-licensed-pending","pending","not-started"
"B08","Musaengchae Spicy Radish Salad","banchan","19","B08-hero","placeholder","16:9;4:3;1:1","B08-finished-overhead","B08-ingredient-layout","B08-critical-step-1;B08-critical-step-2;B08-critical-step-3;B08-critical-step-4","B08-grill-action","B08-serving-table","B08-video-16x9","B08-hero | B08-ingredient-layout | B08-critical-step-1 | B08-critical-step-2 | B08-critical-step-3 | B08-critical-step-4 | B08-grill-action | B08-serving-table","B08-video-9x16","B08-hero | B08-critical-step-1 | B08-critical-step-3 | B08-serving-table","B08-poster-16x9;B08-poster-9x16","Finished Musaengchae Spicy Radish Salad presented with visibly safe doneness and service cues.","Musaengchae Spicy Radish Salad, final styling and cultural context pending asset review.","yes","original-or-separately-licensed-pending","pending","not-started"
"B09","Gamja Jorim Soy-Braised Potatoes","banchan","20","B09-hero","placeholder","16:9;4:3;1:1","B09-finished-overhead","B09-ingredient-layout","B09-critical-step-1;B09-critical-step-2;B09-critical-step-3;B09-critical-step-4","B09-grill-action","B09-serving-table","B09-video-16x9","B09-hero | B09-ingredient-layout | B09-critical-step-1 | B09-critical-step-2 | B09-critical-step-3 | B09-critical-step-4 | B09-grill-action | B09-serving-table","B09-video-9x16","B09-hero | B09-critical-step-1 | B09-critical-step-3 | B09-serving-table","B09-poster-16x9;B09-poster-9x16","Finished Gamja Jorim Soy-Braised Potatoes presented with visibly safe doneness and service cues.","Gamja Jorim Soy-Braised Potatoes, final styling and cultural context pending asset review.","yes","original-or-separately-licensed-pending","pending","not-started"
"F01","Ssam Lettuce and Herb Platter","fresh","21","F01-hero","placeholder","16:9;4:3;1:1","F01-finished-overhead","F01-ingredient-layout","F01-critical-step-1;F01-critical-step-2;F01-critical-step-3;F01-critical-step-4","F01-grill-action","F01-serving-table","F01-video-16x9","F01-hero | F01-ingredient-layout | F01-critical-step-1 | F01-critical-step-2 | F01-critical-step-3 | F01-critical-step-4 | F01-grill-action | F01-serving-table","F01-video-9x16","F01-hero | F01-critical-step-1 | F01-critical-step-3 | F01-serving-table","F01-poster-16x9;F01-poster-9x16","Finished Ssam Lettuce and Herb Platter presented with visibly safe doneness and service cues.","Ssam Lettuce and Herb Platter, final styling and cultural context pending asset review.","yes","original-or-separately-licensed-pending","pending","not-started"
"F02","Pajeori Korean Scallion Salad","fresh","22","F02-hero","placeholder","16:9;4:3;1:1","F02-finished-overhead","F02-ingredient-layout","F02-critical-step-1;F02-critical-step-2;F02-critical-step-3;F02-critical-step-4","F02-grill-action","F02-serving-table","F02-video-16x9","F02-hero | F02-ingredient-layout | F02-critical-step-1 | F02-critical-step-2 | F02-critical-step-3 | F02-critical-step-4 | F02-grill-action | F02-serving-table","F02-video-9x16","F02-hero | F02-critical-step-1 | F02-critical-step-3 | F02-serving-table","F02-poster-16x9;F02-poster-9x16","Finished Pajeori Korean Scallion Salad presented with visibly safe doneness and service cues.","Pajeori Korean Scallion Salad, final styling and cultural context pending asset review.","yes","original-or-separately-licensed-pending","pending","not-started"
"F03","Sangchu Geotjeori Fresh Lettuce Salad","fresh","23","F03-hero","placeholder","16:9;4:3;1:1","F03-finished-overhead","F03-ingredient-layout","F03-critical-step-1;F03-critical-step-2;F03-critical-step-3;F03-critical-step-4","F03-grill-action","F03-serving-table","F03-video-16x9","F03-hero | F03-ingredient-layout | F03-critical-step-1 | F03-critical-step-2 | F03-critical-step-3 | F03-critical-step-4 | F03-grill-action | F03-serving-table","F03-video-9x16","F03-hero | F03-critical-step-1 | F03-critical-step-3 | F03-serving-table","F03-poster-16x9;F03-poster-9x16","Finished Sangchu Geotjeori Fresh Lettuce Salad presented with visibly safe doneness and service cues.","Sangchu Geotjeori Fresh Lettuce Salad, final styling and cultural context pending asset review.","yes","original-or-separately-licensed-pending","pending","not-started"
"SA01","Classic Ssamjang","sauces","24","SA01-hero","placeholder","16:9;4:3;1:1","SA01-finished-overhead","SA01-ingredient-layout","SA01-critical-step-1;SA01-critical-step-2;SA01-critical-step-3;SA01-critical-step-4","SA01-grill-action","SA01-serving-table","SA01-video-16x9","SA01-hero | SA01-ingredient-layout | SA01-critical-step-1 | SA01-critical-step-2 | SA01-critical-step-3 | SA01-critical-step-4 | SA01-grill-action | SA01-serving-table","SA01-video-9x16","SA01-hero | SA01-critical-step-1 | SA01-critical-step-3 | SA01-serving-table","SA01-poster-16x9;SA01-poster-9x16","Finished Classic Ssamjang presented with visibly safe doneness and service cues.","Classic Ssamjang, final styling and cultural context pending asset review.","yes","original-or-separately-licensed-pending","pending","not-started"
"SA02","Gireumjang Sesame-Oil Salt Dip","sauces","25","SA02-hero","placeholder","16:9;4:3;1:1","SA02-finished-overhead","SA02-ingredient-layout","SA02-critical-step-1;SA02-critical-step-2;SA02-critical-step-3;SA02-critical-step-4","SA02-grill-action","SA02-serving-table","SA02-video-16x9","SA02-hero | SA02-ingredient-layout | SA02-critical-step-1 | SA02-critical-step-2 | SA02-critical-step-3 | SA02-critical-step-4 | SA02-grill-action | SA02-serving-table","SA02-video-9x16","SA02-hero | SA02-critical-step-1 | SA02-critical-step-3 | SA02-serving-table","SA02-poster-16x9;SA02-poster-9x16","Finished Gireumjang Sesame-Oil Salt Dip presented with visibly safe doneness and service cues.","Gireumjang Sesame-Oil Salt Dip, final styling and cultural context pending asset review.","yes","original-or-separately-licensed-pending","pending","not-started"
"SA03","Cho-Gochujang Sweet-Tangy Chili Sauce","sauces","26","SA03-hero","placeholder","16:9;4:3;1:1","SA03-finished-overhead","SA03-ingredient-layout","SA03-critical-step-1;SA03-critical-step-2;SA03-critical-step-3;SA03-critical-step-4","SA03-grill-action","SA03-serving-table","SA03-video-16x9","SA03-hero | SA03-ingredient-layout | SA03-critical-step-1 | SA03-critical-step-2 | SA03-critical-step-3 | SA03-critical-step-4 | SA03-grill-action | SA03-serving-table","SA03-video-9x16","SA03-hero | SA03-critical-step-1 | SA03-critical-step-3 | SA03-serving-table","SA03-poster-16x9;SA03-poster-9x16","Finished Cho-Gochujang Sweet-Tangy Chili Sauce presented with visibly safe doneness and service cues.","Cho-Gochujang Sweet-Tangy Chili Sauce, final styling and cultural context pending asset review.","yes","original-or-separately-licensed-pending","pending","not-started"
"D01","Hotteok Brown-Sugar Seed Pancakes","desserts","27","D01-hero","placeholder","16:9;4:3;1:1","D01-finished-overhead","D01-ingredient-layout","D01-critical-step-1;D01-critical-step-2;D01-critical-step-3;D01-critical-step-4","D01-grill-action","D01-serving-table","D01-video-16x9","D01-hero | D01-ingredient-layout | D01-critical-step-1 | D01-critical-step-2 | D01-critical-step-3 | D01-critical-step-4 | D01-grill-action | D01-serving-table","D01-video-9x16","D01-hero | D01-critical-step-1 | D01-critical-step-3 | D01-serving-table","D01-poster-16x9;D01-poster-9x16","Finished Hotteok Brown-Sugar Seed Pancakes presented with visibly safe doneness and service cues.","Hotteok Brown-Sugar Seed Pancakes, final styling and cultural context pending asset review.","yes","original-or-separately-licensed-pending","pending","not-started"
"D02","Patbingsu Red-Bean Shaved Ice","desserts","28","D02-hero","placeholder","16:9;4:3;1:1","D02-finished-overhead","D02-ingredient-layout","D02-critical-step-1;D02-critical-step-2;D02-critical-step-3;D02-critical-step-4","D02-grill-action","D02-serving-table","D02-video-16x9","D02-hero | D02-ingredient-layout | D02-critical-step-1 | D02-critical-step-2 | D02-critical-step-3 | D02-critical-step-4 | D02-grill-action | D02-serving-table","D02-video-9x16","D02-hero | D02-critical-step-1 | D02-critical-step-3 | D02-serving-table","D02-poster-16x9;D02-poster-9x16","Finished Patbingsu Red-Bean Shaved Ice presented with visibly safe doneness and service cues.","Patbingsu Red-Bean Shaved Ice, final styling and cultural context pending asset review.","yes","original-or-separately-licensed-pending","pending","not-started"
"M08","Neobiani Royal-Style Grilled Beef","grilled-meat","29","M08-hero","placeholder","16:9;4:3;1:1","M08-finished-overhead","M08-ingredient-layout","M08-critical-step-1;M08-critical-step-2;M08-critical-step-3;M08-critical-step-4","M08-grill-action","M08-serving-table","M08-video-16x9","M08-hero | M08-ingredient-layout | M08-critical-step-1 | M08-critical-step-2 | M08-critical-step-3 | M08-critical-step-4 | M08-grill-action | M08-serving-table","M08-video-9x16","M08-hero | M08-critical-step-1 | M08-critical-step-3 | M08-serving-table","M08-poster-16x9;M08-poster-9x16","Finished Neobiani Royal-Style Grilled Beef presented with visibly safe doneness and service cues.","Neobiani Royal-Style Grilled Beef, final styling and cultural context pending asset review.","yes","original-or-separately-licensed-pending","pending","not-started"
"M09","Tteokgalbi Grilled Beef-and-Pork Patties","grilled-meat","30","M09-hero","placeholder","16:9;4:3;1:1","M09-finished-overhead","M09-ingredient-layout","M09-critical-step-1;M09-critical-step-2;M09-critical-step-3;M09-critical-step-4","M09-grill-action","M09-serving-table","M09-video-16x9","M09-hero | M09-ingredient-layout | M09-critical-step-1 | M09-critical-step-2 | M09-critical-step-3 | M09-critical-step-4 | M09-grill-action | M09-serving-table","M09-video-9x16","M09-hero | M09-critical-step-1 | M09-critical-step-3 | M09-serving-table","M09-poster-16x9;M09-poster-9x16","Finished Tteokgalbi Grilled Beef-and-Pork Patties presented with visibly safe doneness and service cues.","Tteokgalbi Grilled Beef-and-Pork Patties, final styling and cultural context pending asset review.","yes","original-or-separately-licensed-pending","pending","not-started"
"B10","Dubu Jorim Braised Tofu","banchan","31","B10-hero","placeholder","16:9;4:3;1:1","B10-finished-overhead","B10-ingredient-layout","B10-critical-step-1;B10-critical-step-2;B10-critical-step-3;B10-critical-step-4","B10-grill-action","B10-serving-table","B10-video-16x9","B10-hero | B10-ingredient-layout | B10-critical-step-1 | B10-critical-step-2 | B10-critical-step-3 | B10-critical-step-4 | B10-grill-action | B10-serving-table","B10-video-9x16","B10-hero | B10-critical-step-1 | B10-critical-step-3 | B10-serving-table","B10-poster-16x9;B10-poster-9x16","Finished Dubu Jorim Braised Tofu presented with visibly safe doneness and service cues.","Dubu Jorim Braised Tofu, final styling and cultural context pending asset review.","yes","original-or-separately-licensed-pending","pending","not-started"
"SA04","Yangnyeom Ganjang Scallion-Soy Dipping Sauce","sauces","32","SA04-hero","placeholder","16:9;4:3;1:1","SA04-finished-overhead","SA04-ingredient-layout","SA04-critical-step-1;SA04-critical-step-2;SA04-critical-step-3;SA04-critical-step-4","SA04-grill-action","SA04-serving-table","SA04-video-16x9","SA04-hero | SA04-ingredient-layout | SA04-critical-step-1 | SA04-critical-step-2 | SA04-critical-step-3 | SA04-critical-step-4 | SA04-grill-action | SA04-serving-table","SA04-video-9x16","SA04-hero | SA04-critical-step-1 | SA04-critical-step-3 | SA04-serving-table","SA04-poster-16x9;SA04-poster-9x16","Finished Yangnyeom Ganjang Scallion-Soy Dipping Sauce presented with visibly safe doneness and service cues.","Yangnyeom Ganjang Scallion-Soy Dipping Sauce, final styling and cultural context pending asset review.","yes","original-or-separately-licensed-pending","pending","not-started"
"M10","Classic Samgyeopsal with Sesame-Salt Seasoning","grilled-meat","33","M10-hero","placeholder","16:9;4:3;1:1","M10-finished-overhead","M10-ingredient-layout","M10-critical-step-1;M10-critical-step-2;M10-critical-step-3;M10-critical-step-4","M10-grill-action","M10-serving-table","M10-video-16x9","M10-hero | M10-ingredient-layout | M10-critical-step-1 | M10-critical-step-2 | M10-critical-step-3 | M10-critical-step-4 | M10-grill-action | M10-serving-table","M10-video-9x16","M10-hero | M10-critical-step-1 | M10-critical-step-3 | M10-serving-table","M10-poster-16x9;M10-poster-9x16","Finished Classic Samgyeopsal with Sesame-Salt Seasoning presented with visibly safe doneness and service cues.","Classic Samgyeopsal with Sesame-Salt Seasoning, final styling and cultural context pending asset review.","yes","original-or-separately-licensed-pending","pending","not-started"
"M11","Gochujang Samgyeopsal","grilled-meat","34","M11-hero","placeholder","16:9;4:3;1:1","M11-finished-overhead","M11-ingredient-layout","M11-critical-step-1;M11-critical-step-2;M11-critical-step-3;M11-critical-step-4","M11-grill-action","M11-serving-table","M11-video-16x9","M11-hero | M11-ingredient-layout | M11-critical-step-1 | M11-critical-step-2 | M11-critical-step-3 | M11-critical-step-4 | M11-grill-action | M11-serving-table","M11-video-9x16","M11-hero | M11-critical-step-1 | M11-critical-step-3 | M11-serving-table","M11-poster-16x9;M11-poster-9x16","Finished Gochujang Samgyeopsal presented with visibly safe doneness and service cues.","Gochujang Samgyeopsal, final styling and cultural context pending asset review.","yes","original-or-separately-licensed-pending","pending","not-started"
"B11","Gyeran Mari Rolled Omelet","banchan","35","B11-hero","placeholder","16:9;4:3;1:1","B11-finished-overhead","B11-ingredient-layout","B11-critical-step-1;B11-critical-step-2;B11-critical-step-3;B11-critical-step-4","B11-grill-action","B11-serving-table","B11-video-16x9","B11-hero | B11-ingredient-layout | B11-critical-step-1 | B11-critical-step-2 | B11-critical-step-3 | B11-critical-step-4 | B11-grill-action | B11-serving-table","B11-video-9x16","B11-hero | B11-critical-step-1 | B11-critical-step-3 | B11-serving-table","B11-poster-16x9;B11-poster-9x16","Finished Gyeran Mari Rolled Omelet presented with visibly safe doneness and service cues.","Gyeran Mari Rolled Omelet, final styling and cultural context pending asset review.","yes","original-or-separately-licensed-pending","pending","not-started"
"B12","Gyeran Jjim Steamed Eggs","banchan","36","B12-hero","placeholder","16:9;4:3;1:1","B12-finished-overhead","B12-ingredient-layout","B12-critical-step-1;B12-critical-step-2;B12-critical-step-3;B12-critical-step-4","B12-grill-action","B12-serving-table","B12-video-16x9","B12-hero | B12-ingredient-layout | B12-critical-step-1 | B12-critical-step-2 | B12-critical-step-3 | B12-critical-step-4 | B12-grill-action | B12-serving-table","B12-video-9x16","B12-hero | B12-critical-step-1 | B12-critical-step-3 | B12-serving-table","B12-poster-16x9;B12-poster-9x16","Finished Gyeran Jjim Steamed Eggs presented with visibly safe doneness and service cues.","Gyeran Jjim Steamed Eggs, final styling and cultural context pending asset review.","yes","original-or-separately-licensed-pending","pending","not-started"
"M12","Doenjang-Garlic Moksal Gui","grilled-meat","37","M12-hero","placeholder","16:9;4:3;1:1","M12-finished-overhead","M12-ingredient-layout","M12-critical-step-1;M12-critical-step-2;M12-critical-step-3;M12-critical-step-4","M12-grill-action","M12-serving-table","M12-video-16x9","M12-hero | M12-ingredient-layout | M12-critical-step-1 | M12-critical-step-2 | M12-critical-step-3 | M12-critical-step-4 | M12-grill-action | M12-serving-table","M12-video-9x16","M12-hero | M12-critical-step-1 | M12-critical-step-3 | M12-serving-table","M12-poster-16x9;M12-poster-9x16","Finished Doenjang-Garlic Moksal Gui presented with visibly safe doneness and service cues.","Doenjang-Garlic Moksal Gui, final styling and cultural context pending asset review.","yes","original-or-separately-licensed-pending","pending","not-started"
"M13","Spicy Dwaeji Bulgogi","grilled-meat","38","M13-hero","placeholder","16:9;4:3;1:1","M13-finished-overhead","M13-ingredient-layout","M13-critical-step-1;M13-critical-step-2;M13-critical-step-3;M13-critical-step-4","M13-grill-action","M13-serving-table","M13-video-16x9","M13-hero | M13-ingredient-layout | M13-critical-step-1 | M13-critical-step-2 | M13-critical-step-3 | M13-critical-step-4 | M13-grill-action | M13-serving-table","M13-video-9x16","M13-hero | M13-critical-step-1 | M13-critical-step-3 | M13-serving-table","M13-poster-16x9;M13-poster-9x16","Finished Spicy Dwaeji Bulgogi presented with visibly safe doneness and service cues.","Spicy Dwaeji Bulgogi, final styling and cultural context pending asset review.","yes","original-or-separately-licensed-pending","pending","not-started"
"B13","Eomuk Bokkeum Stir-Fried Fish Cake","banchan","39","B13-hero","placeholder","16:9;4:3;1:1","B13-finished-overhead","B13-ingredient-layout","B13-critical-step-1;B13-critical-step-2;B13-critical-step-3;B13-critical-step-4","B13-grill-action","B13-serving-table","B13-video-16x9","B13-hero | B13-ingredient-layout | B13-critical-step-1 | B13-critical-step-2 | B13-critical-step-3 | B13-critical-step-4 | B13-grill-action | B13-serving-table","B13-video-9x16","B13-hero | B13-critical-step-1 | B13-critical-step-3 | B13-serving-table","B13-poster-16x9;B13-poster-9x16","Finished Eomuk Bokkeum Stir-Fried Fish Cake presented with visibly safe doneness and service cues.","Eomuk Bokkeum Stir-Fried Fish Cake, final styling and cultural context pending asset review.","yes","original-or-separately-licensed-pending","pending","not-started"
"F04","Minari Muchim Water Parsley Salad","fresh","40","F04-hero","placeholder","16:9;4:3;1:1","F04-finished-overhead","F04-ingredient-layout","F04-critical-step-1;F04-critical-step-2;F04-critical-step-3;F04-critical-step-4","F04-grill-action","F04-serving-table","F04-video-16x9","F04-hero | F04-ingredient-layout | F04-critical-step-1 | F04-critical-step-2 | F04-critical-step-3 | F04-critical-step-4 | F04-grill-action | F04-serving-table","F04-video-9x16","F04-hero | F04-critical-step-1 | F04-critical-step-3 | F04-serving-table","F04-poster-16x9;F04-poster-9x16","Finished Minari Muchim Water Parsley Salad presented with visibly safe doneness and service cues.","Minari Muchim Water Parsley Salad, final styling and cultural context pending asset review.","yes","original-or-separately-licensed-pending","pending","not-started"
"M14","Ganjang Pork Bulgogi","grilled-meat","41","M14-hero","placeholder","16:9;4:3;1:1","M14-finished-overhead","M14-ingredient-layout","M14-critical-step-1;M14-critical-step-2;M14-critical-step-3;M14-critical-step-4","M14-grill-action","M14-serving-table","M14-video-16x9","M14-hero | M14-ingredient-layout | M14-critical-step-1 | M14-critical-step-2 | M14-critical-step-3 | M14-critical-step-4 | M14-grill-action | M14-serving-table","M14-video-9x16","M14-hero | M14-critical-step-1 | M14-critical-step-3 | M14-serving-table","M14-poster-16x9;M14-poster-9x16","Finished Ganjang Pork Bulgogi presented with visibly safe doneness and service cues.","Ganjang Pork Bulgogi, final styling and cultural context pending asset review.","yes","original-or-separately-licensed-pending","pending","not-started"
"SF05","Spicy Grilled Nakji Octopus","seafood","42","SF05-hero","placeholder","16:9;4:3;1:1","SF05-finished-overhead","SF05-ingredient-layout","SF05-critical-step-1;SF05-critical-step-2;SF05-critical-step-3;SF05-critical-step-4","SF05-grill-action","SF05-serving-table","SF05-video-16x9","SF05-hero | SF05-ingredient-layout | SF05-critical-step-1 | SF05-critical-step-2 | SF05-critical-step-3 | SF05-critical-step-4 | SF05-grill-action | SF05-serving-table","SF05-video-9x16","SF05-hero | SF05-critical-step-1 | SF05-critical-step-3 | SF05-serving-table","SF05-poster-16x9;SF05-poster-9x16","Finished Spicy Grilled Nakji Octopus presented with visibly safe doneness and service cues.","Spicy Grilled Nakji Octopus, final styling and cultural context pending asset review.","yes","original-or-separately-licensed-pending","pending","not-started"
"SF06","Jjukkumi Gui Grilled Baby Octopus","seafood","43","SF06-hero","placeholder","16:9;4:3;1:1","SF06-finished-overhead","SF06-ingredient-layout","SF06-critical-step-1;SF06-critical-step-2;SF06-critical-step-3;SF06-critical-step-4","SF06-grill-action","SF06-serving-table","SF06-video-16x9","SF06-hero | SF06-ingredient-layout | SF06-critical-step-1 | SF06-critical-step-2 | SF06-critical-step-3 | SF06-critical-step-4 | SF06-grill-action | SF06-serving-table","SF06-video-9x16","SF06-hero | SF06-critical-step-1 | SF06-critical-step-3 | SF06-serving-table","SF06-poster-16x9;SF06-poster-9x16","Finished Jjukkumi Gui Grilled Baby Octopus presented with visibly safe doneness and service cues.","Jjukkumi Gui Grilled Baby Octopus, final styling and cultural context pending asset review.","yes","original-or-separately-licensed-pending","pending","not-started"
"B14","Myeolchi Bokkeum Stir-Fried Anchovies","banchan","44","B14-hero","placeholder","16:9;4:3;1:1","B14-finished-overhead","B14-ingredient-layout","B14-critical-step-1;B14-critical-step-2;B14-critical-step-3;B14-critical-step-4","B14-grill-action","B14-serving-table","B14-video-16x9","B14-hero | B14-ingredient-layout | B14-critical-step-1 | B14-critical-step-2 | B14-critical-step-3 | B14-critical-step-4 | B14-grill-action | B14-serving-table","B14-video-9x16","B14-hero | B14-critical-step-1 | B14-critical-step-3 | B14-serving-table","B14-poster-16x9;B14-poster-9x16","Finished Myeolchi Bokkeum Stir-Fried Anchovies presented with visibly safe doneness and service cues.","Myeolchi Bokkeum Stir-Fried Anchovies, final styling and cultural context pending asset review.","yes","original-or-separately-licensed-pending","pending","not-started"
"M15","Korean-Style Gochujang Grilled Pork Ribs","grilled-meat","45","M15-hero","placeholder","16:9;4:3;1:1","M15-finished-overhead","M15-ingredient-layout","M15-critical-step-1;M15-critical-step-2;M15-critical-step-3;M15-critical-step-4","M15-grill-action","M15-serving-table","M15-video-16x9","M15-hero | M15-ingredient-layout | M15-critical-step-1 | M15-critical-step-2 | M15-critical-step-3 | M15-critical-step-4 | M15-grill-action | M15-serving-table","M15-video-9x16","M15-hero | M15-critical-step-1 | M15-critical-step-3 | M15-serving-table","M15-poster-16x9;M15-poster-9x16","Finished Korean-Style Gochujang Grilled Pork Ribs presented with visibly safe doneness and service cues.","Korean-Style Gochujang Grilled Pork Ribs, final styling and cultural context pending asset review.","yes","original-or-separately-licensed-pending","pending","not-started"
"SF07","Godeungeo Gui Grilled Mackerel","seafood","46","SF07-hero","placeholder","16:9;4:3;1:1","SF07-finished-overhead","SF07-ingredient-layout","SF07-critical-step-1;SF07-critical-step-2;SF07-critical-step-3;SF07-critical-step-4","SF07-grill-action","SF07-serving-table","SF07-video-16x9","SF07-hero | SF07-ingredient-layout | SF07-critical-step-1 | SF07-critical-step-2 | SF07-critical-step-3 | SF07-critical-step-4 | SF07-grill-action | SF07-serving-table","SF07-video-9x16","SF07-hero | SF07-critical-step-1 | SF07-critical-step-3 | SF07-serving-table","SF07-poster-16x9;SF07-poster-9x16","Finished Godeungeo Gui Grilled Mackerel presented with visibly safe doneness and service cues.","Godeungeo Gui Grilled Mackerel, final styling and cultural context pending asset review.","yes","original-or-separately-licensed-pending","pending","not-started"
"SF08","Galchi Gui Grilled Hairtail","seafood","47","SF08-hero","placeholder","16:9;4:3;1:1","SF08-finished-overhead","SF08-ingredient-layout","SF08-critical-step-1;SF08-critical-step-2;SF08-critical-step-3;SF08-critical-step-4","SF08-grill-action","SF08-serving-table","SF08-video-16x9","SF08-hero | SF08-ingredient-layout | SF08-critical-step-1 | SF08-critical-step-2 | SF08-critical-step-3 | SF08-critical-step-4 | SF08-grill-action | SF08-serving-table","SF08-video-9x16","SF08-hero | SF08-critical-step-1 | SF08-critical-step-3 | SF08-serving-table","SF08-poster-16x9;SF08-poster-9x16","Finished Galchi Gui Grilled Hairtail presented with visibly safe doneness and service cues.","Galchi Gui Grilled Hairtail, final styling and cultural context pending asset review.","yes","original-or-separately-licensed-pending","pending","not-started"
"B15","Hobak Bokkeum Stir-Fried Zucchini","banchan","48","B15-hero","placeholder","16:9;4:3;1:1","B15-finished-overhead","B15-ingredient-layout","B15-critical-step-1;B15-critical-step-2;B15-critical-step-3;B15-critical-step-4","B15-grill-action","B15-serving-table","B15-video-16x9","B15-hero | B15-ingredient-layout | B15-critical-step-1 | B15-critical-step-2 | B15-critical-step-3 | B15-critical-step-4 | B15-grill-action | B15-serving-table","B15-video-9x16","B15-hero | B15-critical-step-1 | B15-critical-step-3 | B15-serving-table","B15-poster-16x9;B15-poster-9x16","Finished Hobak Bokkeum Stir-Fried Zucchini presented with visibly safe doneness and service cues.","Hobak Bokkeum Stir-Fried Zucchini, final styling and cultural context pending asset review.","yes","original-or-separately-licensed-pending","pending","not-started"
"M16","Soy-Pear Dak Bulgogi","grilled-meat","49","M16-hero","placeholder","16:9;4:3;1:1","M16-finished-overhead","M16-ingredient-layout","M16-critical-step-1;M16-critical-step-2;M16-critical-step-3;M16-critical-step-4","M16-grill-action","M16-serving-table","M16-video-16x9","M16-hero | M16-ingredient-layout | M16-critical-step-1 | M16-critical-step-2 | M16-critical-step-3 | M16-critical-step-4 | M16-grill-action | M16-serving-table","M16-video-9x16","M16-hero | M16-critical-step-1 | M16-critical-step-3 | M16-serving-table","M16-poster-16x9;M16-poster-9x16","Finished Soy-Pear Dak Bulgogi presented with visibly safe doneness and service cues.","Soy-Pear Dak Bulgogi, final styling and cultural context pending asset review.","yes","original-or-separately-licensed-pending","pending","not-started"
"SF09","Jogi Gui Grilled Yellow Croaker","seafood","50","SF09-hero","placeholder","16:9;4:3;1:1","SF09-finished-overhead","SF09-ingredient-layout","SF09-critical-step-1;SF09-critical-step-2;SF09-critical-step-3;SF09-critical-step-4","SF09-grill-action","SF09-serving-table","SF09-video-16x9","SF09-hero | SF09-ingredient-layout | SF09-critical-step-1 | SF09-critical-step-2 | SF09-critical-step-3 | SF09-critical-step-4 | SF09-grill-action | SF09-serving-table","SF09-video-9x16","SF09-hero | SF09-critical-step-1 | SF09-critical-step-3 | SF09-serving-table","SF09-poster-16x9;SF09-poster-9x16","Finished Jogi Gui Grilled Yellow Croaker presented with visibly safe doneness and service cues.","Jogi Gui Grilled Yellow Croaker, final styling and cultural context pending asset review.","yes","original-or-separately-licensed-pending","pending","not-started"
"B16","Gosari Namul Seasoned Fernbrake","banchan","51","B16-hero","placeholder","16:9;4:3;1:1","B16-finished-overhead","B16-ingredient-layout","B16-critical-step-1;B16-critical-step-2;B16-critical-step-3;B16-critical-step-4","B16-grill-action","B16-serving-table","B16-video-16x9","B16-hero | B16-ingredient-layout | B16-critical-step-1 | B16-critical-step-2 | B16-critical-step-3 | B16-critical-step-4 | B16-grill-action | B16-serving-table","B16-video-9x16","B16-hero | B16-critical-step-1 | B16-critical-step-3 | B16-serving-table","B16-poster-16x9;B16-poster-9x16","Finished Gosari Namul Seasoned Fernbrake presented with visibly safe doneness and service cues.","Gosari Namul Seasoned Fernbrake, final styling and cultural context pending asset review.","yes","original-or-separately-licensed-pending","pending","not-started"
"F05","Gochugaru-Yuja Cabbage Slaw","fresh","52","F05-hero","placeholder","16:9;4:3;1:1","F05-finished-overhead","F05-ingredient-layout","F05-critical-step-1;F05-critical-step-2;F05-critical-step-3;F05-critical-step-4","F05-grill-action","F05-serving-table","F05-video-16x9","F05-hero | F05-ingredient-layout | F05-critical-step-1 | F05-critical-step-2 | F05-critical-step-3 | F05-critical-step-4 | F05-grill-action | F05-serving-table","F05-video-9x16","F05-hero | F05-critical-step-1 | F05-critical-step-3 | F05-serving-table","F05-poster-16x9;F05-poster-9x16","Finished Gochugaru-Yuja Cabbage Slaw presented with visibly safe doneness and service cues.","Gochugaru-Yuja Cabbage Slaw, final styling and cultural context pending asset review.","yes","original-or-separately-licensed-pending","pending","not-started"
"SF10","Gochujang-Glazed Grilled Salmon","seafood","53","SF10-hero","placeholder","16:9;4:3;1:1","SF10-finished-overhead","SF10-ingredient-layout","SF10-critical-step-1;SF10-critical-step-2;SF10-critical-step-3;SF10-critical-step-4","SF10-grill-action","SF10-serving-table","SF10-video-16x9","SF10-hero | SF10-ingredient-layout | SF10-critical-step-1 | SF10-critical-step-2 | SF10-critical-step-3 | SF10-critical-step-4 | SF10-grill-action | SF10-serving-table","SF10-video-9x16","SF10-hero | SF10-critical-step-1 | SF10-critical-step-3 | SF10-serving-table","SF10-poster-16x9;SF10-poster-9x16","Finished Gochujang-Glazed Grilled Salmon presented with visibly safe doneness and service cues.","Gochujang-Glazed Grilled Salmon, final styling and cultural context pending asset review.","yes","original-or-separately-licensed-pending","pending","not-started"
"SF11","Doenjang-Glazed Grilled Black Cod","seafood","54","SF11-hero","placeholder","16:9;4:3;1:1","SF11-finished-overhead","SF11-ingredient-layout","SF11-critical-step-1;SF11-critical-step-2;SF11-critical-step-3;SF11-critical-step-4","SF11-grill-action","SF11-serving-table","SF11-video-16x9","SF11-hero | SF11-ingredient-layout | SF11-critical-step-1 | SF11-critical-step-2 | SF11-critical-step-3 | SF11-critical-step-4 | SF11-grill-action | SF11-serving-table","SF11-video-9x16","SF11-hero | SF11-critical-step-1 | SF11-critical-step-3 | SF11-serving-table","SF11-poster-16x9;SF11-poster-9x16","Finished Doenjang-Glazed Grilled Black Cod presented with visibly safe doneness and service cues.","Doenjang-Glazed Grilled Black Cod, final styling and cultural context pending asset review.","yes","original-or-separately-licensed-pending","pending","not-started"
"B17","Doraji Muchim Spicy Bellflower Root","banchan","55","B17-hero","placeholder","16:9;4:3;1:1","B17-finished-overhead","B17-ingredient-layout","B17-critical-step-1;B17-critical-step-2;B17-critical-step-3;B17-critical-step-4","B17-grill-action","B17-serving-table","B17-video-16x9","B17-hero | B17-ingredient-layout | B17-critical-step-1 | B17-critical-step-2 | B17-critical-step-3 | B17-critical-step-4 | B17-grill-action | B17-serving-table","B17-video-9x16","B17-hero | B17-critical-step-1 | B17-critical-step-3 | B17-serving-table","B17-poster-16x9;B17-poster-9x16","Finished Doraji Muchim Spicy Bellflower Root presented with visibly safe doneness and service cues.","Doraji Muchim Spicy Bellflower Root, final styling and cultural context pending asset review.","yes","original-or-separately-licensed-pending","pending","not-started"
"F06","Asian Pear and Cucumber Salad","fresh","56","F06-hero","placeholder","16:9;4:3;1:1","F06-finished-overhead","F06-ingredient-layout","F06-critical-step-1;F06-critical-step-2;F06-critical-step-3;F06-critical-step-4","F06-grill-action","F06-serving-table","F06-video-16x9","F06-hero | F06-ingredient-layout | F06-critical-step-1 | F06-critical-step-2 | F06-critical-step-3 | F06-critical-step-4 | F06-grill-action | F06-serving-table","F06-video-9x16","F06-hero | F06-critical-step-1 | F06-critical-step-3 | F06-serving-table","F06-poster-16x9;F06-poster-9x16","Finished Asian Pear and Cucumber Salad presented with visibly safe doneness and service cues.","Asian Pear and Cucumber Salad, final styling and cultural context pending asset review.","yes","original-or-separately-licensed-pending","pending","not-started"
"B18","Yeongeun Jorim Soy-Braised Lotus Root","banchan","57","B18-hero","placeholder","16:9;4:3;1:1","B18-finished-overhead","B18-ingredient-layout","B18-critical-step-1;B18-critical-step-2;B18-critical-step-3;B18-critical-step-4","B18-grill-action","B18-serving-table","B18-video-16x9","B18-hero | B18-ingredient-layout | B18-critical-step-1 | B18-critical-step-2 | B18-critical-step-3 | B18-critical-step-4 | B18-grill-action | B18-serving-table","B18-video-9x16","B18-hero | B18-critical-step-1 | B18-critical-step-3 | B18-serving-table","B18-poster-16x9;B18-poster-9x16","Finished Yeongeun Jorim Soy-Braised Lotus Root presented with visibly safe doneness and service cues.","Yeongeun Jorim Soy-Braised Lotus Root, final styling and cultural context pending asset review.","yes","original-or-separately-licensed-pending","pending","not-started"
"B19","Mechurial Jangjorim Soy-Braised Quail Eggs","banchan","58","B19-hero","placeholder","16:9;4:3;1:1","B19-finished-overhead","B19-ingredient-layout","B19-critical-step-1;B19-critical-step-2;B19-critical-step-3;B19-critical-step-4","B19-grill-action","B19-serving-table","B19-video-16x9","B19-hero | B19-ingredient-layout | B19-critical-step-1 | B19-critical-step-2 | B19-critical-step-3 | B19-critical-step-4 | B19-grill-action | B19-serving-table","B19-video-9x16","B19-hero | B19-critical-step-1 | B19-critical-step-3 | B19-serving-table","B19-poster-16x9;B19-poster-9x16","Finished Mechurial Jangjorim Soy-Braised Quail Eggs presented with visibly safe doneness and service cues.","Mechurial Jangjorim Soy-Braised Quail Eggs, final styling and cultural context pending asset review.","yes","original-or-separately-licensed-pending","pending","not-started"
"B20","Jangjorim Soy-Braised Beef","banchan","59","B20-hero","placeholder","16:9;4:3;1:1","B20-finished-overhead","B20-ingredient-layout","B20-critical-step-1;B20-critical-step-2;B20-critical-step-3;B20-critical-step-4","B20-grill-action","B20-serving-table","B20-video-16x9","B20-hero | B20-ingredient-layout | B20-critical-step-1 | B20-critical-step-2 | B20-critical-step-3 | B20-critical-step-4 | B20-grill-action | B20-serving-table","B20-video-9x16","B20-hero | B20-critical-step-1 | B20-critical-step-3 | B20-serving-table","B20-poster-16x9;B20-poster-9x16","Finished Jangjorim Soy-Braised Beef presented with visibly safe doneness and service cues.","Jangjorim Soy-Braised Beef, final styling and cultural context pending asset review.","yes","original-or-separately-licensed-pending","pending","not-started"
"F07","Tomato-Onion Sesame Salad","fresh","60","F07-hero","placeholder","16:9;4:3;1:1","F07-finished-overhead","F07-ingredient-layout","F07-critical-step-1;F07-critical-step-2;F07-critical-step-3;F07-critical-step-4","F07-grill-action","F07-serving-table","F07-video-16x9","F07-hero | F07-ingredient-layout | F07-critical-step-1 | F07-critical-step-2 | F07-critical-step-3 | F07-critical-step-4 | F07-grill-action | F07-serving-table","F07-video-9x16","F07-hero | F07-critical-step-1 | F07-critical-step-3 | F07-serving-table","F07-poster-16x9;F07-poster-9x16","Finished Tomato-Onion Sesame Salad presented with visibly safe doneness and service cues.","Tomato-Onion Sesame Salad, final styling and cultural context pending asset review.","yes","original-or-separately-licensed-pending","pending","not-started"
"SF12","Scallion-Gochujang Grilled Oysters","seafood","61","SF12-hero","placeholder","16:9;4:3;1:1","SF12-finished-overhead","SF12-ingredient-layout","SF12-critical-step-1;SF12-critical-step-2;SF12-critical-step-3;SF12-critical-step-4","SF12-grill-action","SF12-serving-table","SF12-video-16x9","SF12-hero | SF12-ingredient-layout | SF12-critical-step-1 | SF12-critical-step-2 | SF12-critical-step-3 | SF12-critical-step-4 | SF12-grill-action | SF12-serving-table","SF12-video-9x16","SF12-hero | SF12-critical-step-1 | SF12-critical-step-3 | SF12-serving-table","SF12-poster-16x9;SF12-poster-9x16","Finished Scallion-Gochujang Grilled Oysters presented with visibly safe doneness and service cues.","Scallion-Gochujang Grilled Oysters, final styling and cultural context pending asset review.","yes","original-or-separately-licensed-pending","pending","not-started"
"B21","Korean Potato Salad","banchan","62","B21-hero","placeholder","16:9;4:3;1:1","B21-finished-overhead","B21-ingredient-layout","B21-critical-step-1;B21-critical-step-2;B21-critical-step-3;B21-critical-step-4","B21-grill-action","B21-serving-table","B21-video-16x9","B21-hero | B21-ingredient-layout | B21-critical-step-1 | B21-critical-step-2 | B21-critical-step-3 | B21-critical-step-4 | B21-grill-action | B21-serving-table","B21-video-9x16","B21-hero | B21-critical-step-1 | B21-critical-step-3 | B21-serving-table","B21-poster-16x9;B21-poster-9x16","Finished Korean Potato Salad presented with visibly safe doneness and service cues.","Korean Potato Salad, final styling and cultural context pending asset review.","yes","original-or-separately-licensed-pending","pending","not-started"
"B22","Korean BBQ Restaurant-Style Macaroni Salad","banchan","63","B22-hero","placeholder","16:9;4:3;1:1","B22-finished-overhead","B22-ingredient-layout","B22-critical-step-1;B22-critical-step-2;B22-critical-step-3;B22-critical-step-4","B22-grill-action","B22-serving-table","B22-video-16x9","B22-hero | B22-ingredient-layout | B22-critical-step-1 | B22-critical-step-2 | B22-critical-step-3 | B22-critical-step-4 | B22-grill-action | B22-serving-table","B22-video-9x16","B22-hero | B22-critical-step-1 | B22-critical-step-3 | B22-serving-table","B22-poster-16x9;B22-poster-9x16","Finished Korean BBQ Restaurant-Style Macaroni Salad presented with visibly safe doneness and service cues.","Korean BBQ Restaurant-Style Macaroni Salad, final styling and cultural context pending asset review.","yes","original-or-separately-licensed-pending","pending","not-started"
"F08","Radish Sprout and Perilla Salad","fresh","64","F08-hero","placeholder","16:9;4:3;1:1","F08-finished-overhead","F08-ingredient-layout","F08-critical-step-1;F08-critical-step-2;F08-critical-step-3;F08-critical-step-4","F08-grill-action","F08-serving-table","F08-video-16x9","F08-hero | F08-ingredient-layout | F08-critical-step-1 | F08-critical-step-2 | F08-critical-step-3 | F08-critical-step-4 | F08-grill-action | F08-serving-table","F08-video-9x16","F08-hero | F08-critical-step-1 | F08-critical-step-3 | F08-serving-table","F08-poster-16x9;F08-poster-9x16","Finished Radish Sprout and Perilla Salad presented with visibly safe doneness and service cues.","Radish Sprout and Perilla Salad, final styling and cultural context pending asset review.","yes","original-or-separately-licensed-pending","pending","not-started"
"M17","Spicy Gochujang Grilled Chicken Thighs","grilled-meat","65","M17-hero","placeholder","16:9;4:3;1:1","M17-finished-overhead","M17-ingredient-layout","M17-critical-step-1;M17-critical-step-2;M17-critical-step-3;M17-critical-step-4","M17-grill-action","M17-serving-table","M17-video-16x9","M17-hero | M17-ingredient-layout | M17-critical-step-1 | M17-critical-step-2 | M17-critical-step-3 | M17-critical-step-4 | M17-grill-action | M17-serving-table","M17-video-9x16","M17-hero | M17-critical-step-1 | M17-critical-step-3 | M17-serving-table","M17-poster-16x9;M17-poster-9x16","Finished Spicy Gochujang Grilled Chicken Thighs presented with visibly safe doneness and service cues.","Spicy Gochujang Grilled Chicken Thighs, final styling and cultural context pending asset review.","yes","original-or-separately-licensed-pending","pending","not-started"
"SF13","Garlic-Scallion Grilled Mussels","seafood","66","SF13-hero","placeholder","16:9;4:3;1:1","SF13-finished-overhead","SF13-ingredient-layout","SF13-critical-step-1;SF13-critical-step-2;SF13-critical-step-3;SF13-critical-step-4","SF13-grill-action","SF13-serving-table","SF13-video-16x9","SF13-hero | SF13-ingredient-layout | SF13-critical-step-1 | SF13-critical-step-2 | SF13-critical-step-3 | SF13-critical-step-4 | SF13-grill-action | SF13-serving-table","SF13-video-9x16","SF13-hero | SF13-critical-step-1 | SF13-critical-step-3 | SF13-serving-table","SF13-poster-16x9;SF13-poster-9x16","Finished Garlic-Scallion Grilled Mussels presented with visibly safe doneness and service cues.","Garlic-Scallion Grilled Mussels, final styling and cultural context pending asset review.","yes","original-or-separately-licensed-pending","pending","not-started"
"B23","Maneul Jangajji Soy-Pickled Garlic","banchan","67","B23-hero","placeholder","16:9;4:3;1:1","B23-finished-overhead","B23-ingredient-layout","B23-critical-step-1;B23-critical-step-2;B23-critical-step-3;B23-critical-step-4","B23-grill-action","B23-serving-table","B23-video-16x9","B23-hero | B23-ingredient-layout | B23-critical-step-1 | B23-critical-step-2 | B23-critical-step-3 | B23-critical-step-4 | B23-grill-action | B23-serving-table","B23-video-9x16","B23-hero | B23-critical-step-1 | B23-critical-step-3 | B23-serving-table","B23-poster-16x9;B23-poster-9x16","Finished Maneul Jangajji Soy-Pickled Garlic presented with visibly safe doneness and service cues.","Maneul Jangajji Soy-Pickled Garlic, final styling and cultural context pending asset review.","yes","original-or-separately-licensed-pending","pending","not-started"
"SA05","Korean BBQ Onion Soy-Vinegar Dipping Sauce","sauces","68","SA05-hero","placeholder","16:9;4:3;1:1","SA05-finished-overhead","SA05-ingredient-layout","SA05-critical-step-1;SA05-critical-step-2;SA05-critical-step-3;SA05-critical-step-4","SA05-grill-action","SA05-serving-table","SA05-video-16x9","SA05-hero | SA05-ingredient-layout | SA05-critical-step-1 | SA05-critical-step-2 | SA05-critical-step-3 | SA05-critical-step-4 | SA05-grill-action | SA05-serving-table","SA05-video-9x16","SA05-hero | SA05-critical-step-1 | SA05-critical-step-3 | SA05-serving-table","SA05-poster-16x9;SA05-poster-9x16","Finished Korean BBQ Onion Soy-Vinegar Dipping Sauce presented with visibly safe doneness and service cues.","Korean BBQ Onion Soy-Vinegar Dipping Sauce, final styling and cultural context pending asset review.","yes","original-or-separately-licensed-pending","pending","not-started"
"M18","Garlic-Scallion Chicken Skewers","grilled-meat","69","M18-hero","placeholder","16:9;4:3;1:1","M18-finished-overhead","M18-ingredient-layout","M18-critical-step-1;M18-critical-step-2;M18-critical-step-3;M18-critical-step-4","M18-grill-action","M18-serving-table","M18-video-16x9","M18-hero | M18-ingredient-layout | M18-critical-step-1 | M18-critical-step-2 | M18-critical-step-3 | M18-critical-step-4 | M18-grill-action | M18-serving-table","M18-video-9x16","M18-hero | M18-critical-step-1 | M18-critical-step-3 | M18-serving-table","M18-poster-16x9;M18-poster-9x16","Finished Garlic-Scallion Chicken Skewers presented with visibly safe doneness and service cues.","Garlic-Scallion Chicken Skewers, final styling and cultural context pending asset review.","yes","original-or-separately-licensed-pending","pending","not-started"
"SF14","Jeonbok Gui Grilled Abalone","seafood","70","SF14-hero","placeholder","16:9;4:3;1:1","SF14-finished-overhead","SF14-ingredient-layout","SF14-critical-step-1;SF14-critical-step-2;SF14-critical-step-3;SF14-critical-step-4","SF14-grill-action","SF14-serving-table","SF14-video-16x9","SF14-hero | SF14-ingredient-layout | SF14-critical-step-1 | SF14-critical-step-2 | SF14-critical-step-3 | SF14-critical-step-4 | SF14-grill-action | SF14-serving-table","SF14-video-9x16","SF14-hero | SF14-critical-step-1 | SF14-critical-step-3 | SF14-serving-table","SF14-poster-16x9;SF14-poster-9x16","Finished Jeonbok Gui Grilled Abalone presented with visibly safe doneness and service cues.","Jeonbok Gui Grilled Abalone, final styling and cultural context pending asset review.","yes","original-or-separately-licensed-pending","pending","not-started"
"B24","Kkaennip Jangajji Pickled Perilla Leaves","banchan","71","B24-hero","placeholder","16:9;4:3;1:1","B24-finished-overhead","B24-ingredient-layout","B24-critical-step-1;B24-critical-step-2;B24-critical-step-3;B24-critical-step-4","B24-grill-action","B24-serving-table","B24-video-16x9","B24-hero | B24-ingredient-layout | B24-critical-step-1 | B24-critical-step-2 | B24-critical-step-3 | B24-critical-step-4 | B24-grill-action | B24-serving-table","B24-video-9x16","B24-hero | B24-critical-step-1 | B24-critical-step-3 | B24-serving-table","B24-poster-16x9;B24-poster-9x16","Finished Kkaennip Jangajji Pickled Perilla Leaves presented with visibly safe doneness and service cues.","Kkaennip Jangajji Pickled Perilla Leaves, final styling and cultural context pending asset review.","yes","original-or-separately-licensed-pending","pending","not-started"
"D03","Yakgwa Honey-Ginger Cookies","desserts","72","D03-hero","placeholder","16:9;4:3;1:1","D03-finished-overhead","D03-ingredient-layout","D03-critical-step-1;D03-critical-step-2;D03-critical-step-3;D03-critical-step-4","D03-grill-action","D03-serving-table","D03-video-16x9","D03-hero | D03-ingredient-layout | D03-critical-step-1 | D03-critical-step-2 | D03-critical-step-3 | D03-critical-step-4 | D03-grill-action | D03-serving-table","D03-video-9x16","D03-hero | D03-critical-step-1 | D03-critical-step-3 | D03-serving-table","D03-poster-16x9;D03-poster-9x16","Finished Yakgwa Honey-Ginger Cookies presented with visibly safe doneness and service cues.","Yakgwa Honey-Ginger Cookies, final styling and cultural context pending asset review.","yes","original-or-separately-licensed-pending","pending","not-started"
"M19","Korean-Style Grilled Duck Breast","grilled-meat","73","M19-hero","placeholder","16:9;4:3;1:1","M19-finished-overhead","M19-ingredient-layout","M19-critical-step-1;M19-critical-step-2;M19-critical-step-3;M19-critical-step-4","M19-grill-action","M19-serving-table","M19-video-16x9","M19-hero | M19-ingredient-layout | M19-critical-step-1 | M19-critical-step-2 | M19-critical-step-3 | M19-critical-step-4 | M19-grill-action | M19-serving-table","M19-video-9x16","M19-hero | M19-critical-step-1 | M19-critical-step-3 | M19-serving-table","M19-poster-16x9;M19-poster-9x16","Finished Korean-Style Grilled Duck Breast presented with visibly safe doneness and service cues.","Korean-Style Grilled Duck Breast, final styling and cultural context pending asset review.","yes","original-or-separately-licensed-pending","pending","not-started"
"SF15","Jogae Gui Grilled Clams","seafood","74","SF15-hero","placeholder","16:9;4:3;1:1","SF15-finished-overhead","SF15-ingredient-layout","SF15-critical-step-1;SF15-critical-step-2;SF15-critical-step-3;SF15-critical-step-4","SF15-grill-action","SF15-serving-table","SF15-video-16x9","SF15-hero | SF15-ingredient-layout | SF15-critical-step-1 | SF15-critical-step-2 | SF15-critical-step-3 | SF15-critical-step-4 | SF15-grill-action | SF15-serving-table","SF15-video-9x16","SF15-hero | SF15-critical-step-1 | SF15-critical-step-3 | SF15-serving-table","SF15-poster-16x9;SF15-poster-9x16","Finished Jogae Gui Grilled Clams presented with visibly safe doneness and service cues.","Jogae Gui Grilled Clams, final styling and cultural context pending asset review.","yes","original-or-separately-licensed-pending","pending","not-started"
"F09","Watercress-Apple Yuja Salad","fresh","75","F09-hero","placeholder","16:9;4:3;1:1","F09-finished-overhead","F09-ingredient-layout","F09-critical-step-1;F09-critical-step-2;F09-critical-step-3;F09-critical-step-4","F09-grill-action","F09-serving-table","F09-video-16x9","F09-hero | F09-ingredient-layout | F09-critical-step-1 | F09-critical-step-2 | F09-critical-step-3 | F09-critical-step-4 | F09-grill-action | F09-serving-table","F09-video-9x16","F09-hero | F09-critical-step-1 | F09-critical-step-3 | F09-serving-table","F09-poster-16x9;F09-poster-9x16","Finished Watercress-Apple Yuja Salad presented with visibly safe doneness and service cues.","Watercress-Apple Yuja Salad, final styling and cultural context pending asset review.","yes","original-or-separately-licensed-pending","pending","not-started"
"D04","Injeolmi Toast with Ice Cream","desserts","76","D04-hero","placeholder","16:9;4:3;1:1","D04-finished-overhead","D04-ingredient-layout","D04-critical-step-1;D04-critical-step-2;D04-critical-step-3;D04-critical-step-4","D04-grill-action","D04-serving-table","D04-video-16x9","D04-hero | D04-ingredient-layout | D04-critical-step-1 | D04-critical-step-2 | D04-critical-step-3 | D04-critical-step-4 | D04-grill-action | D04-serving-table","D04-video-9x16","D04-hero | D04-critical-step-1 | D04-critical-step-3 | D04-serving-table","D04-poster-16x9;D04-poster-9x16","Finished Injeolmi Toast with Ice Cream presented with visibly safe doneness and service cues.","Injeolmi Toast with Ice Cream, final styling and cultural context pending asset review.","yes","original-or-separately-licensed-pending","pending","not-started"
"M20","Contemporary Doenjang-Gochujang Lamb Shoulder","grilled-meat","77","M20-hero","placeholder","16:9;4:3;1:1","M20-finished-overhead","M20-ingredient-layout","M20-critical-step-1;M20-critical-step-2;M20-critical-step-3;M20-critical-step-4","M20-grill-action","M20-serving-table","M20-video-16x9","M20-hero | M20-ingredient-layout | M20-critical-step-1 | M20-critical-step-2 | M20-critical-step-3 | M20-critical-step-4 | M20-grill-action | M20-serving-table","M20-video-9x16","M20-hero | M20-critical-step-1 | M20-critical-step-3 | M20-serving-table","M20-poster-16x9;M20-poster-9x16","Finished Contemporary Doenjang-Gochujang Lamb Shoulder presented with visibly safe doneness and service cues.","Contemporary Doenjang-Gochujang Lamb Shoulder, final styling and cultural context pending asset review.","yes","original-or-separately-licensed-pending","pending","not-started"
"B25","Gim Muchim Seasoned Seaweed","banchan","78","B25-hero","placeholder","16:9;4:3;1:1","B25-finished-overhead","B25-ingredient-layout","B25-critical-step-1;B25-critical-step-2;B25-critical-step-3;B25-critical-step-4","B25-grill-action","B25-serving-table","B25-video-16x9","B25-hero | B25-ingredient-layout | B25-critical-step-1 | B25-critical-step-2 | B25-critical-step-3 | B25-critical-step-4 | B25-grill-action | B25-serving-table","B25-video-9x16","B25-hero | B25-critical-step-1 | B25-critical-step-3 | B25-serving-table","B25-poster-16x9;B25-poster-9x16","Finished Gim Muchim Seasoned Seaweed presented with visibly safe doneness and service cues.","Gim Muchim Seasoned Seaweed, final styling and cultural context pending asset review.","yes","original-or-separately-licensed-pending","pending","not-started"
"F10","Contemporary Sesame Broccoli and Bell Pepper Salad","fresh","79","F10-hero","placeholder","16:9;4:3;1:1","F10-finished-overhead","F10-ingredient-layout","F10-critical-step-1;F10-critical-step-2;F10-critical-step-3;F10-critical-step-4","F10-grill-action","F10-serving-table","F10-video-16x9","F10-hero | F10-ingredient-layout | F10-critical-step-1 | F10-critical-step-2 | F10-critical-step-3 | F10-critical-step-4 | F10-grill-action | F10-serving-table","F10-video-9x16","F10-hero | F10-critical-step-1 | F10-critical-step-3 | F10-serving-table","F10-poster-16x9;F10-poster-9x16","Finished Contemporary Sesame Broccoli and Bell Pepper Salad presented with visibly safe doneness and service cues.","Contemporary Sesame Broccoli and Bell Pepper Salad, final styling and cultural context pending asset review.","yes","original-or-separately-licensed-pending","pending","not-started"
"D05","Sikhye Sweet Rice Punch","desserts","80","D05-hero","placeholder","16:9;4:3;1:1","D05-finished-overhead","D05-ingredient-layout","D05-critical-step-1;D05-critical-step-2;D05-critical-step-3;D05-critical-step-4","D05-grill-action","D05-serving-table","D05-video-16x9","D05-hero | D05-ingredient-layout | D05-critical-step-1 | D05-critical-step-2 | D05-critical-step-3 | D05-critical-step-4 | D05-grill-action | D05-serving-table","D05-video-9x16","D05-hero | D05-critical-step-1 | D05-critical-step-3 | D05-serving-table","D05-poster-16x9;D05-poster-9x16","Finished Sikhye Sweet Rice Punch presented with visibly safe doneness and service cues.","Sikhye Sweet Rice Punch, final styling and cultural context pending asset review.","yes","original-or-separately-licensed-pending","pending","not-started"
